rang_hm_pro_km,rang_anteil_6pct,rang_gesamt_hm_pro_km,stadt,land,status,bundesland,einwohner_osm,flaeche_km2,strassen_km,hm_pro_km,mittl_steigung_pct,median_steigung_pct,p90_steigung_pct,anteil_ueber_6pct,anteil_ueber_10pct,anteil_ueber_15pct,ausreisser_n,ausreisser_km,kontrahiert_km,brueckentunnel_knoten_interpoliert,steilste_strasse,steilste_strecke_pct_konservativ,steilste_strecke_pct_cop30,steilste_strecke_pct_srtm,steilste_strecke_m,rang_hm_pro_km_srtm,drive_srtm_hm_pro_km,drive_srtm_anteil_ueber_6pct,drive_srtm_p90_steigung_pct,bike_cop30_strassen_km,bike_cop30_hm_pro_km,bike_cop30_anteil_ueber_6pct,km_0_2pct,km_2_4pct,km_4_6pct,km_6_8pct,km_8_10pct,km_10_12pct,km_12_15pct,km_15_20pct,km_20_30pct,km_30_40pct,km_40_infpct,hm_pro_km_inkl_ausreisser,kanten_n,kanten_unter_30m_anteil_km,drive_srtm_strassen_km,drive_srtm_mittl_steigung_pct,drive_srtm_median_steigung_pct,drive_srtm_anteil_ueber_10pct,drive_srtm_anteil_ueber_15pct,drive_srtm_hm_pro_km_inkl_ausreisser,drive_srtm_ausreisser_n,drive_srtm_ausreisser_km,drive_srtm_kanten_n,drive_srtm_kanten_unter_30m_anteil_km,bike_cop30_mittl_steigung_pct,bike_cop30_median_steigung_pct,bike_cop30_p90_steigung_pct,bike_cop30_anteil_ueber_10pct,bike_cop30_anteil_ueber_15pct,bike_cop30_hm_pro_km_inkl_ausreisser,bike_cop30_ausreisser_n,bike_cop30_ausreisser_km,bike_cop30_kanten_n,bike_cop30_kanten_unter_30m_anteil_km,bike_srtm_strassen_km,bike_srtm_mittl_steigung_pct,bike_srtm_median_steigung_pct,bike_srtm_p90_steigung_pct,bike_srtm_anteil_ueber_6pct,bike_srtm_anteil_ueber_10pct,bike_srtm_anteil_ueber_15pct,bike_srtm_hm_pro_km,bike_srtm_hm_pro_km_inkl_ausreisser,bike_srtm_ausreisser_n,bike_srtm_ausreisser_km,bike_srtm_kanten_n,bike_srtm_kanten_unter_30m_anteil_km
,,1,Lugano,CH,Großstadt CH (Top 10),CH-TI,67000,86.100,364.200,28.015,5.603,4.775,11.128,40.910,14.748,3.491,12,0.380,1.740,9,Strada di Pregassona,25.130,25.130,29.530,114.800,,27.927,39.675,11.261,709.500,41.791,53.924,90.950,64.750,59.280,47.470,47.710,25.100,15.860,8.900,3.470,0.330,0.380,28.264,3579,4.148,364.200,5.585,4.692,14.743,3.629,28.042,7,0.190,3579,4.148,8.358,6.724,18.477,32.414,16.024,42.627,40,3.150,6097,3.883,709.500,8.306,6.577,18.612,53.478,32.557,15.557,41.528,42.439,39,3.150,6097,3.883
1,1,2,Wuppertal,DE,Großstadt,DE-NW,361077,168.400,1456.600,20.845,4.169,3.240,8.986,25.212,7.563,1.626,4,0.090,15.310,74,In der Heiterkeit,19.710,19.710,22.590,158.900,3,19.136,21.826,8.274,2247.300,25.379,32.600,504.710,343.120,241.460,167.020,90.030,52.230,34.240,17.580,5.550,0.550,0.090,20.858,14932,4.291,1456.600,3.827,2.987,5.291,0.883,19.136,0,0.000,14932,4.291,5.076,3.848,11.079,13.011,4.118,25.452,31,0.830,26187,5.942,2247.300,4.586,3.554,9.911,28.898,9.704,2.508,22.930,22.934,2,0.050,26187,5.942
2,2,3,Remscheid,DE,Großstadt,DE-NW,116827,74.500,528.700,20.653,4.131,3.185,9.030,23.927,7.537,1.518,0,0.000,4.620,13,Johann-Peter-Arns-Weg,21.760,28.140,21.760,146.600,2,19.402,21.097,8.470,1015.300,25.771,32.397,183.650,126.990,91.550,52.650,34.000,19.190,12.630,6.660,1.310,0.060,0.000,20.653,5134,3.988,528.700,3.880,3.060,6.096,0.828,19.402,0,0.000,5134,3.988,5.154,3.876,11.398,13.516,4.309,25.833,15,0.310,12100,6.473,1015.300,4.703,3.591,10.275,28.705,10.724,2.850,23.516,23.516,0,0.000,12100,6.473
,,4,Lausanne,CH,Großstadt CH (Top 10),CH-VD,133521,67.600,328.500,20.580,4.116,3.084,9.106,23.692,7.771,1.598,2,0.050,2.840,8,Chemin des Vignes-d'Argent,19.730,20.690,19.730,106.000,,20.331,23.704,8.844,671.000,25.203,31.510,119.250,76.900,54.510,34.340,17.960,10.420,9.860,3.980,1.090,0.180,0.050,20.614,3113,3.745,328.500,4.066,3.055,7.097,1.773,20.331,0,0.000,3113,3.745,5.041,3.797,11.176,12.822,4.178,25.287,13,0.280,9874,9.579,671.000,4.695,3.560,10.311,28.942,10.962,3.046,23.473,23.486,1,0.050,9874,9.579
3,3,5,Siegen,DE,Grenzfall,DE-NW,99403,114.600,724.500,20.099,4.020,2.670,9.497,23.565,8.985,2.309,5,0.080,5.180,44,Rinzenbergstraße,18.640,18.640,20.670,115.700,1,19.628,23.081,9.214,1720.900,27.870,35.750,299.340,155.490,98.920,63.530,42.090,24.950,23.420,12.190,4.150,0.380,0.080,20.123,6292,3.413,724.500,3.926,2.665,8.276,2.107,19.644,2,0.060,6292,3.413,5.574,3.947,12.576,16.703,6.124,27.961,30,0.810,14673,3.525,1720.900,5.371,3.928,12.017,34.658,15.378,5.243,26.853,26.889,11,0.320,14673,3.525
,,6,Luzern,CH,Großstadt CH (Top 10),CH-LU,86234,37.400,266.500,19.853,3.971,2.801,9.090,25.239,7.441,1.674,5,0.110,2.040,38,Brunnhalde,23.380,23.380,24.040,151.600,,19.297,22.981,8.811,446.300,24.358,29.231,110.610,52.250,36.330,31.000,16.420,9.250,6.120,2.850,1.340,0.280,0.110,19.936,3195,6.477,266.500,3.859,2.692,6.811,1.725,19.333,2,0.040,3195,6.477,4.872,3.307,11.159,12.657,4.765,24.516,19,0.320,6996,12.252,446.300,4.651,3.086,10.822,27.004,11.708,4.277,23.257,23.385,13,0.260,6996,12.252
4,4,7,Hagen,DE,Großstadt,DE-NW,186000,160.400,1002.600,18.832,3.766,2.552,8.821,20.598,7.231,1.896,6,0.170,9.080,28,Raffenbergstraße,25.060,25.060,27.200,145.600,4,17.752,18.740,8.296,1898.200,25.651,32.154,409.650,257.030,129.240,81.650,52.340,31.360,22.120,13.580,4.790,0.650,0.170,18.869,9176,3.742,1002.600,3.550,2.406,5.873,1.550,17.808,6,0.240,9176,3.742,5.130,3.592,11.708,14.517,5.117,25.741,35,0.840,19635,5.503,1898.200,4.791,3.381,11.083,29.629,12.440,4.138,23.955,23.987,8,0.280,19635,5.503
,,8,Genf,CH,Großstadt CH (Top 10),CH-GE,191557,18.300,238.700,18.731,3.746,2.693,8.370,19.586,6.439,2.093,2,0.040,2.480,34,Rue Michel-Servet,13.740,14.020,13.740,103.800,,16.446,15.302,7.022,333.600,21.321,23.643,96.590,59.960,35.330,20.570,10.800,5.840,4.530,3.440,1.460,0.100,0.040,18.762,3175,6.451,238.700,3.289,2.483,3.687,0.647,16.446,0,0.000,3175,6.451,4.264,2.974,9.648,9.294,3.474,21.431,9,0.180,5729,11.458,333.600,3.656,2.756,7.952,18.969,5.128,1.126,18.279,18.279,0,0.000,5729,11.458
,,9,St. Gallen,CH,Großstadt CH (Top 10),CH-SG,78213,39.300,344.300,18.596,3.719,2.663,8.474,20.905,5.765,1.239,2,0.030,3.990,21,Mühlenstrasse,20.660,20.660,21.410,164.100,,18.458,20.945,8.398,570.100,26.409,32.840,140.870,78.590,52.880,31.390,20.740,9.210,6.370,2.940,1.190,0.140,0.030,18.615,3791,5.628,344.300,3.692,2.673,6.097,1.154,18.458,0,0.000,3791,5.628,5.282,3.743,11.873,14.407,5.568,26.540,10,0.350,7379,8.354,570.100,5.155,3.849,11.579,32.417,14.444,4.476,25.775,25.808,2,0.090,7379,8.354
5,5,10,Solingen,DE,Großstadt,DE-NW,164205,89.500,640.900,17.836,3.567,2.814,7.543,18.075,3.674,0.680,1,0.010,4.540,33,Steinweg,16.950,16.950,17.770,118.000,6,16.687,15.156,7.113,1346.900,22.638,26.170,243.780,169.940,111.330,63.040,29.250,12.540,6.660,2.750,1.250,0.350,0.010,17.840,5801,3.081,640.900,3.337,2.678,2.419,0.351,16.687,0,0.000,5801,3.081,4.528,3.385,9.944,9.808,3.103,22.719,24,0.520,19742,9.952,1346.900,3.986,3.011,8.678,21.405,6.614,1.775,19.929,19.960,3,0.190,19742,9.952
,,11,Innsbruck,AT,Landeshauptstadt AT,AT-7,130585,104.900,438.200,17.466,3.493,1.852,9.002,20.036,7.938,2.533,0,0.000,4.440,16,Gufeltalweg,22.940,23.240,22.940,167.100,,17.850,19.711,9.121,855.400,32.121,36.367,227.400,81.160,41.860,31.540,21.480,12.860,10.830,7.810,2.690,0.600,0.000,17.466,4619,4.820,438.200,3.570,1.988,8.397,2.850,17.892,4,0.080,4619,4.820,6.424,3.630,16.415,22.083,11.987,32.867,49,3.210,12097,10.021,855.400,6.416,3.586,16.377,35.467,22.349,12.004,32.080,32.618,44,2.310,12097,10.021
6,6,12,Pforzheim,DE,Großstadt,DE-BW,117754,97.900,631.100,17.262,3.452,2.410,7.728,17.406,4.761,1.263,3,0.060,3.580,88,Auf dem Berg,23.420,29.450,23.420,144.100,5,17.156,17.254,7.659,1327.900,20.889,24.461,271.950,149.550,99.670,51.850,27.940,13.490,8.580,5.760,1.940,0.280,0.060,17.284,6224,4.103,631.100,3.431,2.457,4.910,1.006,17.161,1,0.020,6224,4.103,4.178,3.060,9.270,8.172,2.111,20.957,19,0.420,12395,4.232,1327.900,3.997,3.023,8.878,22.613,7.050,1.628,19.984,20.003,6,0.120,12395,4.232
7,8,13,Würzburg,DE,Großstadt,DE-BY,124700,87.600,689.500,16.927,3.385,2.233,7.802,17.028,5.640,1.574,1,0.010,6.680,57,Im Hirschlein,21.940,25.600,21.940,116.900,8,15.926,15.060,7.292,1304.600,20.612,22.979,317.390,163.050,91.650,52.130,26.390,16.740,11.290,8.440,2.330,0.080,0.010,16.930,6909,4.306,689.500,3.185,2.214,4.706,0.873,15.926,0,0.000,6909,4.306,4.122,2.805,9.456,8.920,3.067,20.675,19,0.400,16314,8.131,1304.600,3.777,2.629,8.599,19.513,7.396,2.105,18.887,18.917,9,0.190,16314,8.131
8,7,14,Jena,DE,Großstadt,DE-TH,111343,114.400,556.900,16.752,3.350,2.217,8.422,17.060,5.705,1.313,0,0.000,3.740,10,An der Eule,22.070,22.770,22.070,141.400,7,15.945,15.460,7.712,1409.400,25.703,29.363,260.570,130.010,71.340,34.310,28.930,15.040,9.420,5.510,1.680,0.120,0.000,16.752,5676,4.468,556.900,3.189,2.086,5.216,1.129,15.945,0,0.000,5676,4.468,5.141,3.221,12.722,15.615,6.961,25.983,57,1.920,15404,6.187,1409.400,4.914,3.006,12.427,27.856,14.815,6.144,24.572,24.729,31,1.090,15404,6.187
,,15,Pirmasens,DE,Wunschstadt,DE-RP,40101,61.500,303.400,16.689,3.338,2.267,7.686,16.455,4.057,0.975,4,0.060,0.860,3,In der Litzelbach,18.120,21.620,18.120,156.200,,16.373,14.902,7.332,750.100,22.002,26.342,138.600,69.350,45.480,25.470,12.130,4.870,4.470,2.040,0.740,0.180,0.060,16.736,2465,2.769,303.400,3.275,2.373,3.713,0.756,16.373,0,0.000,2465,2.769,4.400,3.197,9.788,9.444,2.567,22.085,15,0.300,5693,3.097,750.100,4.183,3.110,9.212,24.682,8.172,1.954,20.914,20.936,3,0.090,5693,3.097
,,16,Zürich,CH,Großstadt CH (Top 10),CH-ZH,443037,91.800,975.500,16.659,3.332,2.207,7.892,16.781,5.716,1.320,3,0.050,9.040,172,Hinterbergstrasse,20.390,20.390,21.330,121.500,,15.893,15.092,7.401,1492.200,21.389,24.276,457.000,226.640,128.100,68.530,39.400,25.670,17.210,9.770,2.800,0.300,0.050,16.670,11439,5.213,975.500,3.179,2.183,4.653,0.864,15.893,0,0.000,11439,5.213,4.278,2.827,9.979,9.953,3.593,21.789,56,2.480,21524,9.293,1492.200,3.973,2.666,9.243,21.630,8.310,2.639,19.863,20.110,22,1.390,21524,9.293
,,17,Bregenz,AT,Landeshauptstadt AT,AT-8,29620,29.700,131.600,15.899,3.180,1.761,8.807,17.478,6.878,1.727,0,0.000,1.200,24,Am Brand,15.210,16.780,15.210,220.200,,16.207,17.117,8.875,235.700,26.163,29.852,70.280,26.940,11.370,6.640,7.310,3.660,3.110,1.790,0.480,0.000,0.000,15.899,1581,5.934,131.600,3.241,1.963,7.171,1.637,16.207,0,0.000,1581,5.934,5.233,2.575,13.991,17.026,8.614,26.930,9,0.890,3473,10.212,235.700,5.110,2.720,13.682,27.916,15.675,8.895,25.548,26.433,11,1.040,3473,10.212
9,10,18,Bergisch Gladbach,DE,Großstadt,DE-NW,109425,83.100,564.900,15.892,3.178,2.355,7.011,14.254,3.492,0.851,1,0.020,4.010,11,Am Milchbornsberg,16.580,18.810,16.580,129.400,12,13.966,11.020,6.267,969.900,20.753,22.742,248.260,156.060,80.060,39.600,21.200,10.090,4.820,3.520,1.200,0.090,0.020,15.901,6449,5.251,564.900,2.793,2.098,1.849,0.249,13.966,0,0.000,6449,5.251,4.151,2.836,9.585,8.897,2.828,20.807,11,0.250,11887,6.528,969.900,3.453,2.489,7.693,17.785,4.766,1.069,17.263,17.263,0,0.000,11887,6.528
10,11,19,Stuttgart,DE,Großstadt,DE-BW,613392,207.200,1962.700,15.486,3.097,2.140,6.975,14.151,3.756,0.827,2,0.050,15.940,121,Gablenberger Weg,20.510,21.140,20.510,311.200,10,15.174,13.572,6.824,3496.800,19.800,21.352,935.020,482.830,267.020,136.950,67.070,33.260,24.220,10.560,5.240,0.440,0.050,15.491,21570,5.135,1962.700,3.035,2.150,3.134,0.671,15.177,2,0.020,21570,5.135,3.960,2.652,9.122,8.110,2.715,19.848,38,0.790,43791,7.639,3496.800,3.734,2.590,8.393,19.622,6.707,2.047,18.668,18.683,10,0.250,43791,7.639
11,9,20,Saarbrücken,DE,Großstadt,DE-SL,177201,167.400,987.300,15.308,3.062,2.026,7.142,15.071,3.869,0.695,1,0.010,6.620,46,Catharina-Loth-Straße,21.090,21.090,26.380,110.500,9,15.559,15.444,7.363,2073.500,21.592,25.372,490.910,210.740,136.840,73.670,36.920,19.150,12.190,5.070,1.720,0.060,0.010,15.310,8152,2.900,987.300,3.112,2.106,3.670,0.736,15.559,0,0.000,8152,2.900,4.318,3.068,9.704,9.278,2.977,21.695,38,1.020,23717,7.092,2073.500,4.189,3.052,9.201,24.309,8.152,2.190,20.943,20.955,8,0.110,23717,7.092
,,21,Biel/Bienne,CH,Großstadt CH (Top 10),CH-BE,56378,21.200,193.700,15.090,3.018,1.874,7.696,14.930,5.008,0.824,2,0.050,2.040,16,Rochette,14.720,14.720,15.260,191.500,,14.366,13.701,7.020,357.000,25.389,28.494,100.610,39.520,24.650,13.040,6.180,6.110,2.000,1.200,0.400,0.000,0.050,15.159,2182,5.312,193.700,2.873,1.755,4.735,0.735,14.434,2,0.050,2182,5.312,5.078,2.820,12.861,16.072,7.357,25.917,19,0.890,4553,7.937,357.000,4.825,2.665,12.340,26.731,14.896,6.746,24.124,24.658,14,0.920,4553,7.937
12,13,22,Essen,DE,Großstadt,DE-NW,569884,210.300,2179.500,14.750,2.950,2.067,6.646,12.648,3.180,0.705,5,0.160,18.640,89,Kupferdreher Straße,19.690,29.030,19.690,134.800,15,13.049,9.482,5.884,3047.200,17.636,17.670,1064.460,548.370,290.850,139.030,67.300,33.220,20.730,11.230,3.890,0.240,0.160,14.766,24743,5.033,2179.500,2.610,1.900,1.655,0.300,13.049,0,0.000,24743,5.033,3.527,2.390,8.062,6.013,1.718,17.698,32,0.840,42306,8.497,3047.200,3.010,2.153,6.759,13.042,3.430,0.768,15.052,15.059,6,0.100,42306,8.497
13,16,23,Reutlingen,DE,Großstadt,DE-BW,112099,87.000,582.700,14.341,2.868,2.080,6.420,11.644,2.665,0.251,0,0.000,4.930,13,Wöhrwoldweg,14.950,14.950,15.830,170.700,11,15.060,12.753,6.557,1169.900,18.202,17.894,282.410,157.760,74.700,36.860,15.460,7.820,6.250,1.250,0.200,0.010,0.000,14.341,6250,4.398,582.700,3.012,2.262,2.945,0.438,15.060,0,0.000,6250,4.398,3.640,2.564,8.269,6.422,2.067,18.268,12,0.340,12519,5.455,1169.900,3.672,2.598,8.214,18.651,6.176,1.774,18.359,18.373,1,0.080,12519,5.455
,,24,Luxemburg,LU,Hauptstadt LU,LU-LU,122273,51.700,494.600,14.261,2.852,1.814,6.532,11.624,3.735,1.169,4,0.090,4.340,36,Val de Hamm,21.820,25.730,21.820,117.700,,14.184,11.535,6.487,787.000,18.812,17.992,261.570,120.420,55.040,24.940,14.080,6.700,5.990,3.610,1.740,0.430,0.090,14.301,4596,3.690,494.600,2.837,1.951,2.945,0.873,14.198,2,0.040,4596,3.690,3.762,2.376,8.492,7.268,3.039,19.100,37,0.950,9058,6.170,787.000,3.547,2.410,7.749,17.098,5.538,2.033,17.736,17.884,20,0.520,9058,6.170
,,25,Tübingen,DE,Wunschstadt,DE-BW,89447,107.900,438.100,13.956,2.791,1.657,6.986,14.215,3.241,0.627,1,0.020,4.300,20,Ob dem Himmelreich,14.950,14.950,18.000,145.900,,14.049,13.199,6.958,1226.700,18.940,21.525,240.740,87.770,47.340,31.420,16.660,7.260,4.190,1.880,0.760,0.100,0.020,13.963,4396,4.855,438.100,2.810,1.767,2.967,0.671,14.055,1,0.020,4396,4.855,3.788,2.228,9.372,8.703,2.909,19.032,18,0.490,11505,5.395,1226.700,3.661,2.234,8.776,20.782,7.666,2.337,18.304,18.321,4,0.090,11505,5.395
14,15,26,Wiesbaden,DE,Großstadt,DE-HE,299946,203.800,1148.300,13.866,2.773,1.904,6.551,11.844,2.584,0.507,1,0.010,10.820,21,Lahnstraße,14.460,14.460,14.600,107.000,13,13.686,10.746,6.216,2573.400,18.495,20.414,598.470,272.650,141.190,74.040,32.300,14.730,9.130,4.480,1.240,0.100,0.010,13.868,11308,4.197,1148.300,2.737,1.964,2.060,0.314,13.686,0,0.000,11308,4.197,3.699,2.471,8.501,6.598,1.877,18.522,16,0.340,28175,5.966,2573.400,3.533,2.495,8.009,18.682,5.297,1.208,17.667,17.667,0,0.000,28175,5.966
,,27,Graz,AT,Landeshauptstadt AT,AT-6,331359,128.200,1141.500,13.699,2.740,1.373,7.729,14.045,5.445,1.310,7,0.140,7.020,90,Fürstenstandweg,22.690,22.690,26.210,254.600,,13.901,13.707,7.473,1929.600,23.525,26.434,690.850,197.890,92.290,55.700,42.450,28.480,18.720,11.180,3.480,0.290,0.140,13.727,10858,3.334,1141.500,2.780,1.577,4.715,1.212,13.916,3,0.070,10858,3.334,4.705,2.336,12.596,14.702,7.037,23.797,76,2.460,27259,8.608,1929.600,4.513,2.427,11.769,24.799,13.248,6.178,22.567,22.758,32,1.850,27259,8.608
15,18,28,Bochum,DE,Großstadt,DE-NW,371075,145.600,1499.300,13.557,2.711,1.894,6.126,10.511,2.789,0.572,5,0.130,17.910,117,Im Pastoratsbusch,16.380,19.830,16.380,112.800,24,11.535,6.309,5.116,2459.700,18.462,18.877,783.250,392.110,166.190,81.120,34.640,20.300,12.940,6.200,2.190,0.190,0.130,13.575,15777,4.716,1499.300,2.307,1.737,1.008,0.094,11.535,0,0.000,15777,4.716,3.692,2.532,8.301,6.632,2.111,18.523,37,0.730,45743,15.287,2459.700,2.875,2.125,6.267,11.163,2.620,0.615,14.374,14.378,2,0.050,45743,15.287
16,17,29,Koblenz,DE,Großstadt,DE-RP,110643,106.000,732.300,13.520,2.704,1.659,6.598,11.603,3.775,0.865,11,0.250,8.100,36,Mariannenhof,20.260,21.320,20.260,120.000,19,12.519,10.079,6.031,1378.900,18.805,21.159,406.600,164.960,75.510,34.250,23.050,12.380,8.920,4.390,1.720,0.220,0.250,13.604,7232,4.591,732.300,2.504,1.622,2.783,0.481,12.527,2,0.030,7232,4.591,3.761,2.257,9.241,8.531,2.582,18.912,28,0.670,16190,7.434,1378.900,3.505,2.205,8.504,19.142,6.841,2.025,17.523,17.529,3,0.040,16190,7.434
17,14,30,Trier,DE,Großstadt,DE-RP,107233,117.000,577.400,13.365,2.673,1.565,6.777,12.477,3.333,0.619,1,0.010,7.780,9,Auf der Hill,15.380,16.160,15.380,101.000,14,13.341,11.937,6.788,1414.500,19.103,21.881,331.300,109.570,64.480,29.620,23.170,8.180,7.490,2.750,0.670,0.150,0.010,13.373,5400,4.350,577.400,2.668,1.613,3.241,0.599,13.353,1,0.030,5400,4.350,3.821,2.405,9.113,8.088,2.674,19.206,21,0.670,14000,6.029,1414.500,3.678,2.413,8.700,20.331,7.118,1.984,18.388,18.427,8,0.260,14000,6.029
,,31,Bern,CH,Großstadt CH (Top 10),CH-BE,128848,51.600,534.300,13.286,2.657,1.716,6.167,10.520,2.663,0.566,1,0.020,5.910,39,Altenbergrain,16.270,16.270,20.870,108.800,,13.531,9.901,5.963,805.200,18.304,18.589,294.350,118.420,65.310,28.050,13.930,7.060,4.150,2.030,0.950,0.050,0.020,13.299,6311,5.771,534.300,2.706,1.832,2.752,0.769,13.543,1,0.030,6311,5.771,3.661,2.412,8.444,6.878,2.245,18.398,16,0.340,10449,7.209,805.200,3.496,2.422,8.038,16.445,5.857,1.647,17.479,17.523,5,0.160,10449,7.209
18,19,32,Kassel,DE,Großstadt,DE-HE,204021,106.700,914.900,13.284,2.657,1.910,6.100,10.448,1.731,0.333,0,0.000,7.300,31,Welleroder Straße,15.090,20.310,15.090,122.900,18,12.576,8.731,5.749,1573.800,17.499,17.792,470.680,236.560,112.050,58.000,21.750,8.400,4.390,2.180,0.720,0.150,0.000,13.284,9523,3.897,914.900,2.515,1.848,1.128,0.128,12.576,0,0.000,9523,3.897,3.500,2.341,7.813,5.706,1.804,17.590,25,0.670,20841,8.060,1573.800,3.226,2.247,7.317,15.818,4.223,1.130,16.129,16.139,4,0.070,20841,8.060
19,20,33,Chemnitz,DE,Großstadt,DE-SN,243089,221.200,1359.100,13.264,2.653,1.934,5.893,9.668,1.793,0.241,0,0.000,15.910,32,Illings Weg,18.230,18.230,19.140,136.900,17,12.621,7.819,5.503,2493.000,17.491,17.479,695.420,365.340,166.970,78.240,28.790,14.360,6.740,2.090,1.100,0.080,0.000,13.264,11770,2.852,1359.100,2.524,1.917,1.252,0.117,12.621,0,0.000,11770,2.852,3.498,2.449,7.893,5.222,1.354,17.515,9,0.290,32205,7.875,2493.000,3.191,2.321,7.062,14.461,3.669,0.763,15.955,15.958,1,0.050,32205,7.875
,,34,Eisenstadt,AT,Landeshauptstadt AT,AT-1,9243,43.200,182.700,12.851,2.570,1.715,5.907,9.281,2.946,0.593,0,0.000,1.480,0,Föhrenweg,15.650,18.360,15.650,130.500,,12.555,8.519,5.678,356.500,18.314,21.927,103.530,38.550,23.630,7.120,4.450,2.660,1.640,0.820,0.260,0.000,0.000,12.851,1738,4.177,182.700,2.511,1.703,2.673,0.357,12.555,0,0.000,1738,4.177,3.663,1.977,9.482,9.153,2.591,18.360,3,0.080,3572,5.959,356.500,3.482,2.053,9.247,20.955,7.739,1.617,17.410,17.410,0,0.000,3572,5.959
20,23,35,Kaiserslautern,DE,Grenzfall,DE-RP,97162,139.600,614.900,12.834,2.567,1.711,5.742,8.839,2.679,0.754,0,0.000,4.760,5,Am Mühlberg,18.520,18.520,18.660,175.000,20,12.337,8.817,5.662,1726.900,20.177,22.005,341.220,152.590,66.710,23.600,14.280,7.690,4.150,2.520,1.770,0.350,0.000,12.834,5581,3.272,614.900,2.467,1.677,1.994,0.551,12.337,0,0.000,5581,3.272,4.035,2.719,9.228,8.394,2.827,20.273,30,0.800,14780,4.006,1726.900,3.654,2.554,8.274,18.702,6.212,1.725,18.268,18.282,4,0.120,14780,4.006
21,12,36,Heidelberg,DE,Großstadt,DE-BW,152113,108.700,622.900,12.713,2.543,1.071,7.277,13.626,4.513,1.585,2,0.030,5.400,68,Im Höllengrund,23.880,24.480,23.880,173.400,16,12.863,13.013,7.136,1507.900,20.507,24.642,404.190,92.210,41.560,33.090,23.660,10.080,8.160,6.590,3.010,0.270,0.030,12.735,6118,4.283,622.900,2.573,1.249,3.998,1.502,12.871,1,0.020,6118,4.283,4.101,1.936,10.932,12.069,4.874,20.705,41,1.330,14766,5.571,1507.900,3.982,2.061,10.434,22.913,11.123,4.140,19.908,19.959,14,0.330,14766,5.571
22,27,37,Aachen,DE,Großstadt,DE-NW,241683,160.900,1091.100,12.183,2.437,1.730,5.482,7.588,1.496,0.311,0,0.000,9.470,34,Kreuzstraße,13.140,13.260,13.140,130.200,23,11.678,6.225,5.104,1761.400,16.646,15.366,609.860,276.850,121.630,47.450,19.020,7.820,5.110,2.360,0.950,0.080,0.000,12.183,10984,4.019,1091.100,2.336,1.771,0.832,0.101,11.678,0,0.000,10984,4.019,3.329,2.208,7.455,5.292,2.046,16.756,38,0.870,20923,6.679,1761.400,3.034,2.136,6.673,12.623,3.627,1.143,15.172,15.173,1,0.010,20923,6.679
,,38,Wien,AT,Landeshauptstadt AT,AT-9,2042036,417.600,3560.400,12.099,2.420,1.273,6.140,10.446,3.185,0.917,20,0.390,20.740,249,Markwardstiege,26.350,26.350,27.570,119.900,,11.724,9.066,5.724,5608.300,15.437,15.265,2204.970,651.540,331.610,167.710,90.810,45.930,34.790,21.910,9.110,1.620,0.390,12.124,32524,2.799,3560.400,2.345,1.435,2.067,0.391,11.738,7,0.180,32524,2.799,3.087,1.552,7.945,6.436,2.454,15.565,123,3.310,66136,6.062,5608.300,2.979,1.743,7.216,13.839,5.032,1.620,14.893,14.937,32,1.120,66136,6.062
,,39,Linz,AT,Landeshauptstadt AT,AT-4,207812,96.300,794.000,11.999,2.400,1.241,6.559,11.282,3.574,0.827,3,0.050,6.420,77,Matoschstraße,19.350,19.820,19.350,111.700,,12.113,10.499,6.184,1391.500,17.568,18.346,503.020,139.400,61.920,40.770,20.420,12.730,9.080,5.200,1.170,0.200,0.050,12.015,6656,3.007,794.000,2.423,1.359,2.914,0.616,12.117,1,0.010,6656,3.007,3.514,1.781,9.208,8.533,3.433,17.648,20,0.500,19913,10.824,1391.500,3.328,1.881,8.403,16.581,6.961,2.636,16.640,16.680,10,0.260,19913,10.824
23,22,40,Heilbronn,DE,Großstadt,DE-BW,131653,99.800,607.700,11.980,2.396,1.545,5.760,8.877,1.792,0.135,0,0.000,5.600,14,Im Weingarten,11.800,12.200,11.800,102.900,21,11.958,8.506,5.533,1477.600,15.603,14.848,357.110,130.330,66.270,30.090,12.960,6.770,3.300,0.700,0.110,0.010,0.000,11.980,6256,3.872,607.700,2.392,1.592,1.460,0.138,11.958,0,0.000,6256,3.872,3.121,2.057,7.342,4.382,1.114,15.622,5,0.120,16649,6.110,1477.600,2.994,2.048,6.913,13.629,3.447,0.794,14.968,14.968,0,0.000,16649,6.110
24,25,41,Göttingen,DE,Großstadt,DE-NI,135887,116.900,515.500,11.928,2.386,1.629,5.510,7.955,1.244,0.121,0,0.000,3.870,19,Am Menzelberg,14.190,14.550,14.190,140.600,25,11.202,6.994,5.234,1459.000,18.429,18.708,294.370,119.040,61.080,25.350,9.250,3.540,2.250,0.410,0.210,0.000,0.000,11.928,5373,4.234,515.500,2.240,1.587,0.933,0.070,11.202,0,0.000,5373,4.234,3.686,2.413,8.273,6.757,2.475,18.502,23,0.520,18109,8.299,1459.000,3.371,2.335,7.601,16.238,5.012,1.514,16.857,16.862,1,0.030,18109,8.299
25,21,42,Ulm,DE,Großstadt,DE-BW,121648,118.600,661.200,11.846,2.369,1.476,5.810,9.248,1.798,0.263,0,0.000,7.710,14,Frauensteige,13.960,14.440,13.960,139.900,22,11.698,8.535,5.619,1590.800,16.651,17.082,391.500,141.820,66.710,32.240,17.020,6.020,4.130,1.450,0.230,0.060,0.000,11.846,6456,4.002,661.200,2.340,1.535,1.671,0.177,11.701,1,0.010,6456,4.002,3.330,2.007,8.096,6.209,1.831,16.708,15,0.420,18753,7.344,1590.800,3.066,2.011,7.384,14.734,4.626,0.965,15.328,15.333,3,0.040,18753,7.344
,,43,Salzburg,AT,Landeshauptstadt AT,AT-5,152083,65.800,640.600,11.686,2.337,1.257,5.579,9.035,4.114,1.062,2,0.050,7.920,34,Kreuzbergpromenade,22.970,28.040,22.970,112.500,,11.420,7.982,5.369,1083.600,16.628,15.263,412.770,124.730,45.150,22.480,9.040,9.650,9.890,5.300,1.340,0.160,0.050,11.712,7635,5.581,640.600,2.284,1.310,3.288,0.996,11.470,3,0.130,7635,5.581,3.326,1.646,8.298,7.777,3.635,16.880,42,1.140,18454,13.175,1083.600,3.143,1.649,7.320,13.133,6.763,3.344,15.716,15.861,18,0.720,18454,13.175
,,44,Winterthur,CH,Großstadt CH (Top 10),CH-ZH,108044,68.000,394.700,11.639,2.328,1.338,5.887,9.554,1.979,0.611,1,0.020,2.230,12,Bläsihofstrasse,23.400,25.130,23.400,114.300,,11.762,8.517,5.635,995.800,20.423,21.734,248.540,74.240,34.200,20.590,9.310,3.690,1.710,1.800,0.450,0.170,0.020,11.650,3054,2.219,394.700,2.352,1.444,2.153,0.559,11.762,0,0.000,3054,2.219,4.085,2.466,9.773,9.703,3.957,20.619,33,0.930,10585,5.355,995.800,3.898,2.461,9.298,20.551,8.546,3.326,19.492,19.559,10,0.330,10585,5.355
26,24,45,Dresden,DE,Großstadt,DE-SN,572240,329.100,2174.900,11.613,2.323,1.484,5.410,8.046,2.100,0.422,3,0.080,16.510,62,Wachwitzer Bergstraße,27.950,27.950,29.050,113.600,29,9.994,5.308,4.618,4270.200,15.087,13.390,1310.430,486.640,202.720,87.920,41.390,22.520,13.980,6.970,1.940,0.260,0.080,11.621,21328,3.769,2174.900,1.999,1.306,1.188,0.141,9.994,0,0.000,21328,3.769,3.017,1.884,7.045,4.611,1.585,15.134,39,0.930,56253,8.241,4270.200,2.541,1.660,5.733,9.138,2.789,0.802,12.704,12.715,10,0.230,56253,8.241
27,31,46,Mülheim an der Ruhr,DE,Großstadt,DE-NW,167108,91.300,744.900,11.395,2.279,1.568,5.168,6.852,1.308,0.253,1,0.020,5.360,28,Mintarder Dorfstraße,11.680,11.680,15.750,119.800,27,10.731,5.696,4.838,1129.700,13.926,11.120,437.290,178.660,77.920,27.600,13.700,5.080,2.780,1.400,0.460,0.030,0.020,11.402,6918,3.622,744.900,2.146,1.546,0.652,0.069,10.735,1,0.010,6918,3.622,2.785,1.849,6.300,3.126,0.940,13.960,7,0.180,14378,7.458,1129.700,2.459,1.776,5.515,8.148,1.441,0.276,12.294,12.301,2,0.030,14378,7.458
28,28,47,Dortmund,DE,Großstadt,DE-NW,600933,280.600,2567.300,11.373,2.275,1.505,5.258,7.299,1.848,0.397,3,0.090,22.740,126,Am Klusenberg,25.620,25.620,26.020,141.800,32,9.736,4.336,4.426,4136.200,14.965,13.298,1531.940,613.000,234.880,96.800,43.140,24.260,12.980,7.160,2.540,0.490,0.090,11.380,26567,4.478,2567.300,1.947,1.386,0.631,0.100,9.742,2,0.080,26567,4.478,2.993,1.937,6.928,4.292,1.324,15.018,55,1.040,63218,10.821,4136.200,2.352,1.658,5.287,7.316,1.636,0.357,11.759,11.781,18,0.410,63218,10.821
29,30,48,Mainz,DE,Großstadt,DE-RP,227277,97.700,833.500,11.099,2.220,1.476,5.059,6.884,1.625,0.431,1,0.020,12.130,43,Oberer Dorfgraben,15.010,17.400,15.010,146.800,26,10.755,5.696,4.799,1586.700,12.764,9.764,504.720,197.940,73.410,30.300,13.530,6.380,3.570,2.280,1.200,0.110,0.020,11.104,10137,6.233,833.500,2.151,1.516,1.132,0.245,10.755,0,0.000,10137,6.233,2.553,1.631,5.919,2.908,0.786,12.770,3,0.050,22412,9.500,1586.700,2.455,1.725,5.496,8.212,1.858,0.403,12.273,12.273,0,0.000,22412,9.500
,,49,Basel,CH,Großstadt CH (Top 10),CH-BS,174491,23.800,388.700,10.751,2.150,1.266,5.122,6.977,1.820,0.621,1,0.010,4.370,72,Jakobsbergerweglein,12.490,15.130,12.490,159.600,,10.633,6.328,5.014,432.800,12.865,9.676,250.260,77.110,34.230,13.380,6.660,2.690,1.970,1.420,0.890,0.110,0.010,10.759,4127,4.156,388.700,2.127,1.427,1.004,0.152,10.633,0,0.000,4127,4.156,2.573,1.581,5.921,3.078,0.976,12.894,4,0.060,5691,6.904,432.800,2.396,1.665,5.462,7.902,1.458,0.260,11.981,11.981,0,0.000,5691,6.904
30,32,50,Gelsenkirchen,DE,Großstadt,DE-NW,260368,104.900,1065.400,10.622,2.124,1.395,4.825,6.465,1.633,0.389,1,0.020,10.450,18,Valentinshof,8.530,11.140,8.530,102.800,43,8.136,2.302,3.620,1555.500,12.520,9.244,675.220,236.400,84.890,35.530,15.950,7.270,5.990,3.130,0.940,0.070,0.020,10.627,10798,3.663,1065.400,1.627,1.157,0.188,0.013,8.136,0,0.000,10798,3.663,2.504,1.587,5.743,2.800,0.847,12.527,4,0.050,20048,7.250,1555.500,1.895,1.349,4.183,3.789,0.567,0.116,9.477,9.477,0,0.000,20048,7.250
31,29,51,Bonn,DE,Großstadt,DE-NW,335913,141.000,1115.300,10.510,2.102,1.206,5.183,7.286,1.995,0.458,0,0.000,12.350,36,Rosenburgweg,19.990,26.070,19.990,149.800,31,9.938,6.015,4.755,1819.400,13.368,11.587,732.810,214.900,86.350,40.130,18.880,9.930,7.220,3.780,1.160,0.160,0.000,10.510,11510,4.122,1115.300,1.988,1.234,1.356,0.267,9.938,0,0.000,11510,4.122,2.674,1.536,6.566,4.168,1.297,13.404,12,0.290,23687,7.403,1819.400,2.402,1.473,5.767,9.153,2.725,0.717,12.010,12.025,3,0.110,23687,7.403
32,35,52,Bielefeld,DE,Großstadt,DE-NW,328864,258.600,1797.600,10.488,2.098,1.401,4.673,5.761,1.394,0.263,3,0.090,15.620,11,Am Voßberge,21.190,21.190,21.650,117.500,30,9.957,4.841,4.418,3365.500,15.593,13.533,1131.400,416.970,145.630,51.690,26.810,12.350,7.980,3.580,0.970,0.180,0.090,10.498,14937,2.413,1797.600,1.991,1.380,1.069,0.132,9.957,0,0.000,14937,2.413,3.119,1.994,7.192,5.174,1.783,15.658,41,1.020,46233,8.331,3365.500,2.708,1.844,5.972,9.866,3.242,0.966,13.539,13.542,2,0.040,46233,8.331
33,26,53,Freiburg im Breisgau,DE,Großstadt,DE-BW,220286,152.900,862.900,10.330,2.066,1.123,5.016,7.668,1.919,0.560,1,0.030,6.800,44,Eichbergstraße,17.820,19.490,17.820,108.500,28,10.516,6.863,4.967,2357.100,20.623,22.330,582.080,150.100,64.570,33.990,15.630,7.600,4.130,3.500,1.230,0.110,0.030,10.337,8440,4.477,862.900,2.103,1.271,1.393,0.448,10.516,0,0.000,8440,4.477,4.125,2.076,10.910,11.755,4.996,20.799,66,1.950,27067,7.008,2357.100,4.068,2.191,10.633,21.582,11.157,4.722,20.342,20.425,31,0.910,27067,7.008
34,34,54,Herne,DE,Großstadt,DE-NW,156449,51.400,582.700,10.192,2.038,1.308,4.675,5.979,1.489,0.324,0,0.000,6.090,11,Wiescherstraße,12.810,16.310,12.810,132.100,46,7.922,2.207,3.519,854.100,13.957,11.700,377.670,125.250,44.940,17.610,8.560,4.260,2.530,1.430,0.460,0.000,0.000,10.192,5727,3.549,582.700,1.584,1.114,0.260,0.062,7.922,0,0.000,5727,3.549,2.791,1.800,6.540,3.595,0.958,13.976,2,0.080,13633,10.683,854.100,2.007,1.451,4.424,4.413,0.770,0.218,10.036,10.036,0,0.000,13633,10.683
35,38,55,Kiel,DE,Großstadt,DE-SH,246306,118.600,904.300,9.941,1.988,1.270,4.525,5.371,1.309,0.326,2,0.040,9.800,39,Boksberg,12.450,13.160,12.450,106.600,44,8.059,2.501,3.616,1613.200,12.837,9.849,594.510,193.970,67.250,24.040,12.690,5.050,3.830,2.130,0.690,0.130,0.040,9.950,8826,3.739,904.300,1.612,1.128,0.336,0.040,8.059,0,0.000,8826,3.739,2.567,1.600,5.945,3.156,0.972,12.864,11,0.210,23228,9.373,1613.200,1.934,1.348,4.349,4.483,0.899,0.136,9.671,9.677,3,0.040,23228,9.373
36,33,56,Regensburg,DE,Großstadt,DE-BY,145000,80.700,646.000,9.730,1.946,1.111,4.865,6.404,1.532,0.307,0,0.000,4.840,58,Spitalkellerweg,17.340,17.580,17.340,203.500,34,9.212,4.721,4.422,1247.900,12.724,10.755,433.330,122.680,48.610,22.060,9.410,4.700,3.210,1.570,0.360,0.050,0.000,9.730,5791,3.040,646.000,1.842,1.131,0.975,0.196,9.212,0,0.000,5791,3.040,2.545,1.435,6.232,3.452,1.012,12.780,15,0.280,17631,9.670,1247.900,2.281,1.401,5.360,7.812,2.174,0.457,11.405,11.424,5,0.100,17631,9.670
,,57,Klagenfurt,AT,Landeshauptstadt AT,AT-2,100316,120.500,820.200,9.597,1.919,0.962,5.030,7.783,2.066,0.411,0,0.000,3.920,10,Am Rautkogel,17.390,19.730,17.390,104.800,,10.190,7.427,4.909,1479.600,18.602,20.880,579.980,133.260,43.160,29.770,17.120,8.680,4.900,2.550,0.680,0.140,0.000,9.597,7509,3.227,820.200,2.038,1.195,1.979,0.439,10.190,0,0.000,7509,3.227,3.720,1.725,10.160,10.269,4.337,18.719,17,0.820,18068,6.933,1479.600,3.622,1.854,9.625,19.755,9.460,3.518,18.110,18.199,8,0.630,18068,6.933
37,36,58,Leverkusen,DE,Großstadt,DE-NW,160819,78.800,717.200,9.589,1.918,1.249,4.551,5.621,1.041,0.182,0,0.000,7.570,10,Burscheider Straße,11.330,12.140,11.330,217.500,42,8.243,3.228,3.842,1069.400,12.220,9.198,487.660,136.850,52.420,21.660,11.190,4.260,1.900,1.000,0.300,0.000,0.000,9.589,7750,5.157,717.200,1.649,1.171,0.364,0.048,8.243,0,0.000,7750,5.157,2.444,1.505,5.778,2.695,0.763,12.248,4,0.140,14702,8.564,1069.400,1.985,1.336,4.638,5.512,0.957,0.165,9.923,9.923,0,0.000,14702,8.564
38,51,59,Osnabrück,DE,Großstadt,DE-NI,167730,119.700,950.300,9.428,1.886,1.228,4.451,4.277,0.745,0.223,1,0.030,8.650,12,Am Waldzoo,20.760,22.510,20.760,135.600,33,9.452,3.715,4.267,1524.300,13.186,10.031,627.670,203.740,78.170,24.500,9.070,3.090,1.870,1.570,0.480,0.060,0.030,9.435,9279,3.626,950.300,1.890,1.352,0.493,0.089,9.452,0,0.000,9279,3.626,2.637,1.660,6.009,3.160,1.147,13.224,9,0.260,19653,7.599,1524.300,2.477,1.716,5.554,8.418,2.033,0.500,12.386,12.386,0,0.000,19653,7.599
39,39,60,Erfurt,DE,Großstadt,DE-TH,213332,269.600,1229.200,9.425,1.885,1.152,4.596,5.354,0.999,0.164,0,0.000,11.890,48,Freiligrathstraße,18.020,18.020,18.540,112.300,35,9.135,4.372,4.313,2600.800,12.213,9.359,837.660,231.940,93.800,36.450,17.090,5.540,4.730,1.770,0.240,0.000,0.000,9.425,11151,3.687,1229.200,1.827,1.170,0.759,0.092,9.135,0,0.000,11151,3.687,2.443,1.478,5.844,2.855,0.803,12.229,8,0.180,27515,5.998,2600.800,2.306,1.492,5.375,8.010,2.223,0.541,11.532,11.533,1,0.020,27515,5.998
40,40,61,Hildesheim,DE,Grenzfall,DE-NI,98510,92.100,568.800,9.284,1.857,1.176,4.485,5.297,0.786,0.149,0,0.000,5.640,7,Lerchenbergstraße,12.310,14.890,12.310,117.900,36,9.093,4.433,4.258,1070.700,13.852,12.666,393.430,104.790,40.490,19.730,5.930,2.560,1.060,0.610,0.220,0.020,0.000,9.284,5728,3.722,568.800,1.819,1.209,0.583,0.063,9.093,0,0.000,5728,3.722,2.770,1.505,6.944,4.625,1.456,13.957,19,0.530,11377,5.477,1070.700,2.603,1.535,6.327,11.091,3.742,0.947,13.013,13.015,1,0.010,11377,5.477
41,52,62,Recklinghausen,DE,Großstadt,DE-NW,115320,66.500,609.200,9.239,1.848,1.203,4.138,4.272,1.047,0.277,0,0.000,3.650,17,Höhenweg,7.460,9.350,7.460,202.500,50,7.607,1.696,3.423,862.600,12.271,8.713,416.500,127.680,39.010,13.720,5.930,2.630,2.060,1.120,0.530,0.030,0.000,9.239,5504,3.175,609.200,1.521,1.110,0.135,0.010,7.607,0,0.000,5504,3.175,2.454,1.560,5.651,2.646,0.733,12.287,2,0.070,11326,7.435,862.600,1.832,1.329,4.098,3.459,0.490,0.056,9.159,9.159,0,0.000,11326,7.435
42,42,63,Berlin,DE,Großstadt,DE-BE,3769962,892.400,7835.500,8.906,1.781,1.035,4.201,5.054,1.368,0.356,3,0.040,59.410,320,Axel-Springer-Straße,12.530,12.900,12.530,100.100,51,7.536,2.533,3.449,12741.400,12.502,10.195,5597.400,1379.160,462.900,194.520,94.330,46.290,32.970,20.220,7.280,0.430,0.040,8.907,72146,3.201,7835.500,1.507,0.970,0.505,0.120,7.541,5,0.200,72146,3.201,2.500,1.421,6.060,3.437,1.072,12.519,55,0.970,187415,9.795,12741.400,1.960,1.284,4.538,5.158,1.107,0.245,9.800,9.813,26,0.780,187415,9.795
43,46,64,Fürth,DE,Großstadt,DE-BY,135082,63.300,494.200,8.851,1.770,1.028,4.213,4.693,1.143,0.199,0,0.000,3.300,18,Am Altengraben,10.840,11.410,10.840,118.700,39,8.422,3.168,3.978,908.400,11.899,9.393,345.900,94.990,30.120,12.550,5.000,3.000,1.660,0.600,0.370,0.020,0.000,8.851,5089,3.653,494.200,1.684,1.089,0.528,0.063,8.422,0,0.000,5089,3.653,2.380,1.331,5.763,3.346,1.027,11.930,6,0.130,11334,6.606,908.400,2.163,1.388,5.039,6.829,1.782,0.500,10.817,10.817,0,0.000,11334,6.606
44,47,65,Nürnberg,DE,Großstadt,DE-BY,526091,186.600,1614.700,8.827,1.765,1.063,4.133,4.577,1.213,0.286,3,0.040,11.030,91,Verschönerungsweg,10.780,16.170,10.780,110.000,47,7.849,2.486,3.605,3008.700,11.771,8.892,1153.410,288.510,98.820,37.530,16.790,8.750,6.220,3.480,1.040,0.100,0.040,8.832,16464,3.446,1614.700,1.570,1.060,0.330,0.033,7.849,0,0.000,16464,3.446,2.354,1.381,5.601,2.881,0.904,11.784,11,0.180,42046,8.370,3008.700,1.942,1.309,4.451,4.735,0.957,0.195,9.711,9.712,1,0.010,42046,8.370
45,41,66,Potsdam,DE,Großstadt,DE-BB,178089,188.400,811.100,8.780,1.756,0.985,4.198,5.293,1.517,0.406,2,0.070,8.630,8,Amundsenstraße,11.020,15.970,11.020,101.600,63,6.760,2.178,3.198,1736.200,12.690,10.363,584.680,137.800,45.590,20.960,9.670,5.810,3.200,2.020,1.120,0.150,0.070,8.798,7072,2.925,811.100,1.352,0.835,0.391,0.054,6.760,0,0.000,7072,2.925,2.538,1.453,6.089,3.530,1.216,12.721,13,0.250,19131,5.941,1736.200,1.903,1.192,4.458,5.411,1.290,0.304,9.515,9.515,0,0.000,19131,5.941
46,44,67,Darmstadt,DE,Großstadt,DE-HE,159631,122.000,617.600,8.733,1.747,1.014,4.064,4.864,1.155,0.258,0,0.000,4.770,45,Palisadenstraße,10.510,14.250,10.510,114.000,41,8.302,3.164,3.921,1449.600,12.202,9.477,438.140,116.720,32.730,17.100,5.810,3.280,2.260,1.090,0.500,0.010,0.000,8.733,5957,3.642,617.600,1.660,1.087,0.376,0.045,8.302,0,0.000,5957,3.642,2.440,1.397,5.811,3.267,0.961,12.226,9,0.160,16082,6.072,1449.600,2.131,1.377,4.921,6.387,1.486,0.315,10.655,10.655,0,0.000,16082,6.072
47,56,68,Paderborn,DE,Großstadt,DE-NW,151633,179.500,1019.800,8.667,1.733,1.146,3.888,3.577,0.725,0.134,0,0.000,10.610,26,Am Langen Hahn,11.990,12.150,11.990,240.900,45,7.938,2.014,3.620,2064.600,12.741,9.303,702.780,220.100,60.400,21.100,7.980,3.490,2.540,1.170,0.170,0.020,0.000,8.667,9355,3.565,1019.800,1.588,1.101,0.283,0.016,7.938,0,0.000,9355,3.565,2.548,1.651,5.782,2.897,0.954,12.797,21,0.510,32118,11.742,2064.600,2.128,1.479,4.715,5.413,1.282,0.289,10.639,10.640,1,0.010,32118,11.742
48,45,69,Erlangen,DE,Großstadt,DE-BY,120028,77.000,592.600,8.563,1.713,0.987,4.026,4.705,1.189,0.188,1,0.020,7.310,54,Bergstraße,12.820,14.440,12.820,118.500,40,8.334,3.564,3.850,1156.700,12.572,10.091,431.110,101.420,32.190,12.860,7.980,3.960,1.980,0.840,0.270,0.000,0.020,8.569,6155,4.492,592.600,1.667,1.071,0.641,0.127,8.334,0,0.000,6155,4.492,2.514,1.481,6.044,3.475,1.038,12.598,7,0.150,16657,9.576,1156.700,2.268,1.530,5.138,7.194,1.729,0.417,11.338,11.338,0,0.000,16657,9.576
49,37,70,Karlsruhe,DE,Großstadt,DE-BW,283959,173.300,1287.100,8.522,1.704,0.864,4.256,5.430,1.497,0.387,1,0.020,15.000,117,Im untern Wolf,20.300,22.510,20.300,228.300,37,9.022,5.064,4.326,2651.200,11.752,9.853,941.120,201.880,74.190,32.400,18.230,9.180,5.100,3.410,1.430,0.140,0.020,8.525,12398,3.988,1287.100,1.804,1.079,1.131,0.199,9.022,0,0.000,12398,3.988,2.350,1.205,5.947,3.347,1.034,11.786,19,0.380,33356,8.058,2651.200,2.281,1.385,5.476,8.307,2.167,0.486,11.406,11.406,0,0.000,33356,8.058
50,50,71,Schwerin,DE,Grenzfall,DE-MV,98596,130.500,565.000,8.454,1.691,0.973,4.043,4.284,1.118,0.336,1,0.020,8.460,25,An der Crivitzer Chaussee,12.510,15.150,12.510,132.300,61,6.874,1.820,3.263,1164.000,10.213,6.432,407.920,99.500,33.320,12.900,4.980,2.980,1.440,1.450,0.390,0.060,0.020,8.462,6296,5.310,565.000,1.375,0.884,0.223,0.027,6.882,1,0.020,6296,5.310,2.043,1.206,4.840,1.984,0.653,10.264,9,0.270,13961,6.954,1164.000,1.587,1.038,3.669,2.895,0.524,0.115,7.934,7.937,1,0.020,13961,6.954
51,43,72,Düsseldorf,DE,Großstadt,DE-NW,653253,217.400,1999.000,8.433,1.687,0.914,4.157,4.886,1.286,0.343,1,0.020,27.820,328,Morper Straße,12.300,20.410,12.300,137.300,53,7.410,2.615,3.545,3354.100,11.353,8.800,1468.330,319.490,113.490,48.430,23.520,11.600,7.260,5.060,1.700,0.080,0.020,8.434,22386,5.506,1999.000,1.482,0.921,0.412,0.084,7.410,0,0.000,22386,5.506,2.271,1.198,5.572,3.019,1.039,11.389,29,0.550,51669,11.242,3354.100,1.877,1.171,4.463,4.995,1.152,0.260,9.383,9.386,2,0.040,51669,11.242
52,49,73,Frankfurt am Main,DE,Großstadt,DE-HE,701350,248.100,2210.000,8.410,1.682,0.963,4.046,4.311,1.095,0.254,1,0.030,19.230,234,Röhrborngasse,15.470,16.840,15.470,166.800,38,8.480,3.616,3.958,3607.800,10.098,6.447,1603.150,381.690,129.810,49.820,21.250,11.130,7.470,3.830,1.700,0.080,0.030,8.413,22013,4.390,2210.000,1.696,1.088,0.653,0.096,8.480,0,0.000,22013,4.390,2.020,1.179,4.790,1.923,0.565,10.106,8,0.130,42530,6.633,3607.800,1.917,1.276,4.401,4.714,0.944,0.179,9.586,9.586,0,0.000,42530,6.633
53,54,74,Hamburg,DE,Großstadt,DE-HH,1862565,752.200,5565.200,8.347,1.669,0.976,3.977,4.243,1.094,0.270,3,0.050,82.670,295,Falkensteiner Weg,12.420,13.870,12.420,491.700,60,6.933,1.850,3.253,8431.900,11.022,7.967,4051.960,961.620,315.460,120.190,55.090,25.910,19.920,11.180,3.450,0.410,0.050,8.349,56864,4.189,5565.200,1.387,0.898,0.306,0.059,6.933,0,0.000,56864,4.189,2.204,1.259,5.330,2.494,0.722,11.042,39,0.750,122653,9.762,8431.900,1.715,1.104,4.033,3.732,0.733,0.167,8.574,8.575,2,0.030,122653,9.762
54,60,75,Bottrop,DE,Großstadt,DE-NW,116055,100.600,657.500,8.287,1.657,1.083,3.757,3.338,0.791,0.169,0,0.000,5.300,2,Unterberg,8.010,8.010,9.140,103.700,57,7.192,1.513,3.279,1088.000,11.205,7.502,473.710,125.300,36.500,12.050,4.690,3.130,0.960,0.800,0.270,0.040,0.000,8.287,5775,2.767,657.500,1.438,1.015,0.168,0.018,7.192,0,0.000,5775,2.767,2.241,1.341,5.091,2.478,0.945,11.213,3,0.040,11843,5.203,1088.000,1.839,1.249,3.976,3.872,1.042,0.399,9.194,9.221,7,0.140,11843,5.203
55,48,76,Köln,DE,Großstadt,DE-NW,1069200,404.900,3654.300,8.180,1.636,0.913,3.924,4.335,1.171,0.311,5,0.080,37.400,191,Heumarkt,8.290,10.570,8.290,100.800,66,6.676,1.622,3.122,6236.900,10.884,7.725,2713.200,588.230,194.420,79.980,35.630,17.960,13.490,8.340,2.570,0.440,0.080,8.184,43918,6.366,3654.300,1.335,0.852,0.269,0.060,6.677,1,0.020,43918,6.366,2.177,1.202,5.198,2.646,0.907,10.908,36,0.710,95443,10.994,6236.900,1.625,1.058,3.757,3.061,0.604,0.126,8.124,8.126,3,0.040,95443,10.994
56,55,77,Halle (Saale),DE,Großstadt,DE-ST,231565,135.500,990.500,8.082,1.616,0.973,3.790,3.695,0.842,0.186,0,0.000,10.610,10,Rainstraße,10.160,12.800,10.160,159.900,64,6.743,1.587,3.078,1702.900,10.578,7.380,732.260,168.550,53.110,20.220,8.040,3.610,2.890,1.280,0.550,0.010,0.000,8.082,9657,3.761,990.500,1.349,0.922,0.137,0.018,6.743,0,0.000,9657,3.761,2.116,1.200,5.075,2.286,0.637,10.597,6,0.150,21450,7.066,1702.900,1.703,1.116,3.962,3.688,0.775,0.094,8.515,8.515,0,0.000,21450,7.066
57,63,78,Flensburg,DE,Grenzfall,DE-SH,99307,56.700,370.800,7.947,1.589,0.980,3.902,3.259,0.576,0.096,0,0.000,4.420,5,Alsenstraße,11.780,13.190,11.780,108.000,48,7.781,2.813,3.702,911.400,11.707,8.569,272.290,64.160,22.240,6.930,3.020,1.260,0.520,0.330,0.000,0.030,0.000,7.947,2999,2.323,370.800,1.556,1.024,0.431,0.049,7.781,0,0.000,2999,2.323,2.341,1.400,5.555,2.451,0.699,11.743,8,0.150,15605,12.646,911.400,2.039,1.368,4.720,5.553,1.292,0.287,10.193,10.193,0,0.000,15605,12.646
58,66,79,Oberhausen,DE,Großstadt,DE-NW,209292,77.100,743.000,7.864,1.573,1.021,3.621,2.976,0.540,0.099,0,0.000,5.760,17,Dorstener Straße,8.500,8.500,8.900,107.000,52,7.449,1.819,3.361,1106.000,10.644,6.484,546.370,136.880,37.600,13.550,4.560,2.000,1.270,0.580,0.160,0.000,0.000,7.864,7178,3.343,743.000,1.490,1.059,0.251,0.043,7.449,0,0.000,7178,3.343,2.129,1.323,4.808,1.855,0.525,10.649,1,0.020,14968,7.439,1106.000,1.874,1.308,4.213,3.838,0.696,0.189,9.370,9.419,5,0.170,14968,7.439
59,58,80,Lübeck,DE,Großstadt,DE-SH,212958,214.300,1058.000,7.495,1.499,0.836,3.592,3.487,0.866,0.216,0,0.000,11.030,28,Kleine Petersgrube,9.010,9.010,9.800,125.300,71,6.033,1.193,2.856,1962.400,9.813,6.084,808.050,164.280,48.730,18.650,9.080,4.080,2.790,1.620,0.560,0.100,0.000,7.495,9334,3.089,1058.000,1.207,0.758,0.145,0.028,6.033,0,0.000,9334,3.089,1.963,1.097,4.625,1.930,0.599,9.826,5,0.120,23065,6.673,1962.400,1.471,0.964,3.396,2.254,0.355,0.073,7.355,7.355,0,0.000,23065,6.673
60,59,81,München,DE,Großstadt,DE-BY,1484226,310.700,3307.900,7.458,1.492,0.856,3.465,3.405,0.956,0.249,2,0.020,21.350,183,Heilmannstraße,9.670,9.670,10.370,213.200,54,7.342,2.352,3.369,5658.300,10.528,7.277,2563.500,485.880,145.850,56.460,24.530,14.310,9.090,5.500,2.490,0.240,0.020,7.460,32102,3.376,3307.900,1.468,0.963,0.376,0.069,7.343,1,0.010,32102,3.376,2.106,1.164,5.020,2.441,0.784,10.544,24,0.420,82509,9.027,5658.300,1.917,1.265,4.439,4.802,0.904,0.190,9.586,9.588,2,0.030,82509,9.027
61,53,82,Mannheim,DE,Großstadt,DE-BW,310000,144.900,1275.100,7.432,1.486,0.737,3.669,4.257,1.206,0.327,2,0.030,19.680,34,Kinzigstraße,9.660,9.990,9.660,115.100,55,7.329,2.653,3.495,2394.200,8.867,6.056,988.930,175.470,56.410,26.500,12.410,6.230,4.970,3.180,0.930,0.060,0.030,7.437,13425,4.929,1275.100,1.466,0.893,0.448,0.120,7.329,0,0.000,13425,4.929,1.773,0.871,4.424,1.920,0.569,8.879,10,0.140,31975,8.882,2394.200,1.654,1.017,3.931,3.628,0.708,0.160,8.270,8.276,4,0.060,31975,8.882
62,57,83,Augsburg,DE,Großstadt,DE-BY,301033,146.800,1056.400,7.342,1.468,0.775,3.530,3.563,0.928,0.244,2,0.040,9.760,59,Stephingerberg,11.370,11.370,13.070,105.400,49,7.674,2.657,3.544,2280.600,10.422,7.684,823.260,146.380,49.050,18.850,8.990,4.070,3.150,1.710,0.850,0.020,0.040,7.350,12717,5.483,1056.400,1.535,0.987,0.384,0.053,7.674,0,0.000,12717,5.483,2.084,1.074,5.191,2.515,0.811,10.439,9,0.190,39106,15.079,2280.600,1.878,1.188,4.510,4.828,0.823,0.129,9.391,9.395,3,0.040,39106,15.079
62,61,83,Hannover,DE,Großstadt,DE-NI,555372,204.000,1887.900,7.342,1.468,0.832,3.520,3.295,0.865,0.208,0,0.000,15.570,125,Blumenauer Straße,8.280,8.280,9.950,101.600,67,6.603,1.447,3.122,3457.400,9.906,6.332,1458.630,280.100,86.960,33.110,12.770,7.490,4.920,2.450,1.190,0.280,0.000,7.342,19432,3.945,1887.900,1.321,0.863,0.188,0.043,6.603,0,0.000,19432,3.945,1.981,1.105,4.710,2.052,0.620,9.928,21,0.350,51536,10.262,3457.400,1.636,1.100,3.740,2.827,0.514,0.121,8.180,8.180,0,0.000,51536,10.262
64,69,85,Salzgitter,DE,Großstadt,DE-NI,103694,224.300,826.700,7.152,1.430,0.793,3.588,2.717,0.542,0.064,0,0.000,6.560,8,Prunzelberg,13.470,13.470,14.380,110.700,58,7.095,2.058,3.511,1707.500,9.552,6.281,635.930,124.530,43.810,13.100,4.890,2.380,1.570,0.390,0.120,0.020,0.000,7.152,6303,2.425,826.700,1.419,0.858,0.289,0.011,7.095,0,0.000,6303,2.425,1.910,1.025,4.656,2.064,0.501,9.585,12,0.240,15322,4.633,1707.500,1.788,1.019,4.333,5.302,1.294,0.221,8.940,8.942,1,0.020,15322,4.633
65,68,86,Duisburg,DE,Großstadt,DE-NW,486855,232.800,1936.600,7.142,1.428,0.836,3.370,2.819,0.614,0.141,2,0.030,13.710,31,Waldsteige,14.600,16.120,14.600,158.100,65,6.723,1.557,3.117,3047.200,9.287,5.868,1500.140,296.940,84.920,29.880,12.830,5.670,3.480,1.900,0.740,0.100,0.030,7.146,19465,3.622,1936.600,1.345,0.886,0.217,0.024,6.723,0,0.000,19465,3.622,1.857,1.024,4.518,1.583,0.473,9.290,3,0.040,38853,7.193,3047.200,1.615,1.052,3.771,3.020,0.513,0.090,8.074,8.074,0,0.000,38853,7.193
66,77,87,Wolfsburg,DE,Großstadt,DE-NI,122457,204.500,816.800,7.046,1.409,0.867,3.309,2.314,0.514,0.114,0,0.000,12.460,13,Hochring,9.640,9.640,16.690,102.800,62,6.851,1.496,3.216,1836.700,9.063,4.909,631.160,132.160,34.540,9.510,5.190,2.110,1.150,0.650,0.280,0.000,0.000,7.046,7697,3.466,816.800,1.370,0.911,0.141,0.026,6.851,0,0.000,7697,3.466,1.813,1.043,4.185,1.527,0.498,9.091,11,0.220,19506,5.989,1836.700,1.555,1.019,3.643,2.485,0.425,0.071,7.777,7.777,0,0.000,19506,5.989
67,64,88,Rostock,DE,Großstadt,DE-MV,207830,181.600,1133.100,6.969,1.394,0.763,3.381,3.059,0.803,0.167,1,0.010,20.170,43,Oberhalb des Gerberbruches,8.110,10.600,8.110,108.700,68,6.570,1.786,3.097,2170.400,8.529,4.953,895.330,155.090,47.990,17.230,8.340,4.320,2.870,1.240,0.630,0.020,0.010,6.972,13465,6.366,1133.100,1.314,0.830,0.311,0.071,6.577,1,0.040,13465,6.366,1.706,0.921,4.042,1.454,0.469,8.537,5,0.090,29770,9.215,2170.400,1.465,0.924,3.398,2.407,0.479,0.107,7.326,7.330,1,0.040,29770,9.215
68,62,89,Bremen,DE,Großstadt,DE-HB,551415,326.000,2387.700,6.902,1.380,0.730,3.390,3.265,0.792,0.200,0,0.000,23.120,88,Burgdammer Straße,8.430,8.600,8.430,134.200,74,5.850,1.240,2.835,4082.500,9.453,6.321,1888.690,316.820,104.200,42.170,16.880,8.900,5.230,3.130,1.580,0.070,0.000,6.902,22253,3.470,2387.700,1.170,0.710,0.182,0.034,5.850,0,0.000,22253,3.470,1.891,0.999,4.689,1.839,0.570,9.462,12,0.170,57489,8.966,4082.500,1.464,0.925,3.466,2.271,0.350,0.047,7.318,7.318,0,0.000,57489,8.966
69,65,90,Ludwigshafen am Rhein,DE,Großstadt,DE-RP,163340,77.500,699.700,6.881,1.376,0.755,3.319,2.982,0.774,0.194,1,0.010,9.060,33,Am Luitpoldhafen,7.300,7.930,7.300,102.100,56,7.197,2.586,3.457,1071.000,7.168,3.634,552.400,97.710,28.730,10.410,5.030,2.370,1.680,0.970,0.400,0.000,0.010,6.884,7981,5.055,699.700,1.439,0.870,0.503,0.082,7.197,0,0.000,7981,5.055,1.434,0.720,3.558,1.047,0.277,7.174,1,0.030,13124,7.186,1071.000,1.452,0.815,3.563,3.005,0.632,0.121,7.261,7.261,0,0.000,13124,7.186
70,72,91,Offenbach am Main,DE,Großstadt,DE-HE,136824,44.800,376.300,6.879,1.376,0.830,3.286,2.417,0.420,0.138,0,0.000,2.810,22,Waldstraße,10.590,11.530,10.590,104.100,59,7.091,1.865,3.218,650.500,9.554,5.699,295.880,54.900,16.420,6.070,1.440,0.500,0.560,0.370,0.150,0.000,0.000,6.879,3862,3.783,376.300,1.418,0.930,0.261,0.021,7.091,0,0.000,3862,3.783,1.911,1.105,4.510,1.817,0.545,9.564,1,0.030,7582,5.840,650.500,1.768,1.207,3.887,3.442,0.648,0.115,8.842,8.842,0,0.000,7582,5.840
71,74,92,Mönchengladbach,DE,Großstadt,DE-NW,255430,170.500,1251.400,6.838,1.368,0.817,3.244,2.372,0.435,0.075,0,0.000,9.550,27,Mülgaustraße,12.750,17.010,12.750,159.000,69,6.514,1.469,3.053,2288.600,8.514,4.815,984.360,181.030,56.310,16.740,7.500,3.170,1.340,0.750,0.190,0.000,0.000,6.838,12867,4.169,1251.400,1.303,0.837,0.162,0.014,6.514,0,0.000,12867,4.169,1.703,0.941,4.115,1.296,0.376,8.523,6,0.090,29331,7.453,2288.600,1.482,0.968,3.467,2.220,0.330,0.029,7.412,7.412,0,0.000,29331,7.453
72,71,93,Braunschweig,DE,Großstadt,DE-NI,252962,192.600,1204.300,6.748,1.350,0.809,3.160,2.468,0.565,0.088,0,0.000,15.800,20,Grünewaldstraße,8.570,11.850,8.570,106.400,72,5.940,0.926,2.769,2251.200,9.192,5.319,953.920,173.180,47.470,15.930,6.980,3.290,2.460,0.830,0.180,0.040,0.000,6.748,11883,4.006,1204.300,1.188,0.793,0.116,0.019,5.940,0,0.000,11883,4.006,1.838,1.061,4.327,1.510,0.467,9.209,10,0.180,27518,7.013,2251.200,1.469,0.975,3.334,2.022,0.322,0.054,7.346,7.346,0,0.000,27518,7.013
73,67,94,Münster,DE,Großstadt,DE-NW,314332,303.100,1721.900,6.720,1.344,0.750,3.168,2.845,0.704,0.170,2,0.040,10.320,30,Hägerfeld,7.510,9.210,7.510,129.100,80,5.409,0.836,2.556,3150.900,9.938,6.446,1382.270,226.480,64.090,24.140,12.730,5.720,3.470,1.720,0.940,0.280,0.040,6.725,15336,3.161,1721.900,1.082,0.689,0.077,0.004,5.409,0,0.000,15336,3.161,1.988,1.105,4.720,2.087,0.652,9.959,17,0.290,41022,8.005,3150.900,1.458,0.998,3.340,1.935,0.246,0.033,7.289,7.289,0,0.000,41022,8.005
74,73,95,Leipzig,DE,Großstadt,DE-SN,628718,298.000,2208.400,6.626,1.325,0.769,3.120,2.408,0.533,0.119,1,0.050,20.510,59,Reichsstraße,8.400,8.950,8.400,109.000,70,6.173,1.006,2.897,3545.400,8.478,4.925,1757.920,315.940,81.310,29.450,11.960,5.440,3.710,1.440,1.070,0.130,0.050,6.632,21900,3.885,2208.400,1.235,0.838,0.104,0.008,6.173,0,0.000,21900,3.885,1.696,0.914,4.057,1.520,0.418,8.489,9,0.190,46512,7.898,3545.400,1.458,0.971,3.392,2.096,0.274,0.043,7.292,7.292,0,0.000,46512,7.898
75,75,96,Magdeburg,DE,Großstadt,DE-ST,244329,201.700,1224.600,6.619,1.324,0.804,3.094,2.321,0.478,0.081,0,0.000,12.570,29,Gouvernementsberg,6.270,6.270,8.660,148.100,76,5.658,0.807,2.652,2404.400,8.961,5.370,980.190,172.280,43.680,15.490,7.080,2.840,2.030,0.840,0.130,0.010,0.000,6.619,11279,3.204,1224.600,1.132,0.743,0.134,0.009,5.658,0,0.000,11279,3.204,1.792,1.003,4.272,1.579,0.440,8.964,2,0.030,32652,9.091,2404.400,1.373,0.886,3.225,1.837,0.325,0.042,6.866,6.866,0,0.000,32652,9.091
76,70,97,Gütersloh,DE,Großstadt,DE-NW,103603,111.900,777.400,6.606,1.321,0.757,3.070,2.532,0.625,0.130,0,0.000,8.420,6,Ahornpark,7.190,10.430,7.190,113.600,79,5.448,0.618,2.540,1410.100,9.595,5.515,627.220,100.290,30.170,9.540,5.280,2.160,1.690,0.740,0.240,0.040,0.000,6.606,7773,3.692,777.400,1.090,0.715,0.022,0.003,5.448,0,0.000,7773,3.692,1.919,1.135,4.475,1.623,0.483,9.595,0,0.000,20743,9.091,1410.100,1.436,1.013,3.253,1.500,0.122,0.007,7.179,7.179,0,0.000,20743,9.091
77,76,98,Ingolstadt,DE,Großstadt,DE-BY,127886,133.400,816.600,6.256,1.251,0.692,3.066,2.315,0.480,0.099,1,0.010,8.510,17,Bergstraße,6.750,8.170,6.750,119.500,75,5.732,0.874,2.807,1640.100,7.378,3.781,664.810,103.610,29.300,10.640,4.350,1.960,1.150,0.560,0.200,0.050,0.010,6.259,8950,4.404,816.600,1.146,0.723,0.066,0.005,5.732,0,0.000,8950,4.404,1.476,0.768,3.539,1.075,0.292,7.384,4,0.050,18126,5.820,1640.100,1.191,0.727,2.911,1.191,0.095,0.010,5.954,5.954,0,0.000,18126,5.820
,,99,St. Pölten,AT,Landeshauptstadt AT,AT-3,59767,109.100,601.500,6.112,1.222,0.691,2.826,2.252,0.568,0.113,0,0.000,2.280,6,Eisenfeldgasse,12.500,12.830,12.500,150.000,,7.064,1.978,3.202,1085.000,9.068,5.907,496.510,74.800,16.630,6.530,3.600,1.770,0.970,0.470,0.180,0.030,0.000,6.112,5033,2.798,601.500,1.413,0.900,0.442,0.061,7.064,0,0.000,5033,2.798,1.814,0.923,4.460,1.787,0.540,9.088,3,0.110,10751,5.138,1085.000,1.875,1.153,4.398,4.863,1.248,0.199,9.375,9.375,0,0.000,10751,5.138
78,80,100,Bremerhaven,DE,Großstadt,DE-HB,117281,85.900,558.300,6.068,1.214,0.691,2.917,1.967,0.425,0.097,0,0.000,3.620,4,Adolf-Hoff-Weg,6.740,15.320,6.740,128.800,83,5.005,0.550,2.341,795.600,7.880,4.027,457.000,71.570,18.750,6.520,2.090,1.260,0.570,0.390,0.150,0.000,0.000,6.068,4728,2.014,558.300,1.001,0.656,0.117,0.012,5.005,0,0.000,4728,2.014,1.576,0.882,3.752,1.086,0.328,7.890,3,0.040,9926,6.524,795.600,1.227,0.774,2.935,1.197,0.229,0.032,6.136,6.136,0,0.000,9926,6.524
79,78,101,Cottbus,DE,Grenzfall,DE-BB,98693,166.100,763.100,5.882,1.176,0.626,2.791,2.044,0.470,0.122,0,0.000,8.930,5,Waldparksiedlung,6.940,7.150,6.940,114.800,82,5.319,0.623,2.549,1644.000,8.022,4.553,635.950,85.830,25.740,8.320,3.690,1.580,1.070,0.660,0.180,0.080,0.000,5.882,6851,3.069,763.100,1.064,0.687,0.043,0.002,5.319,0,0.000,6851,3.069,1.604,0.827,3.943,1.273,0.393,8.029,3,0.050,18442,6.885,1644.000,1.264,0.796,3.070,1.352,0.135,0.012,6.320,6.320,0,0.000,18442,6.885
80,79,102,Oldenburg,DE,Großstadt,DE-NI,163830,103.000,862.000,5.775,1.155,0.649,2.752,1.968,0.402,0.059,0,0.000,12.320,13,Johann-Justus-Weg,6.440,10.590,6.440,137.300,84,4.885,0.592,2.306,1428.100,9.090,5.166,717.890,100.350,26.820,9.710,3.790,1.920,1.040,0.340,0.100,0.060,0.000,5.775,8210,3.482,862.000,0.977,0.617,0.049,0.001,4.885,0,0.000,8210,3.482,1.818,1.082,4.273,1.379,0.281,9.090,0,0.000,24071,11.759,1428.100,1.400,0.970,3.199,1.470,0.145,0.028,6.999,6.999,0,0.000,24071,11.759
81,81,103,Hanau,DE,Großstadt,DE-HE,101364,76.200,473.200,5.633,1.127,0.592,2.721,1.919,0.497,0.119,0,0.000,5.440,8,Am Kirchberg,6.380,6.380,6.560,252.300,81,5.343,0.963,2.619,952.400,8.824,4.894,399.660,49.970,14.480,4.490,2.240,0.990,0.800,0.430,0.120,0.010,0.000,5.633,4086,2.891,473.200,1.069,0.659,0.083,0.008,5.343,0,0.000,4086,2.891,1.765,1.029,4.158,1.397,0.362,8.830,2,0.020,11396,7.116,952.400,1.476,1.009,3.360,1.908,0.241,0.026,7.379,7.379,0,0.000,11396,7.116
82,82,104,Neuss,DE,Großstadt,DE-NW,159122,99.500,763.600,5.453,1.091,0.605,2.577,1.702,0.322,0.089,0,0.000,8.150,24,Minkel,4.810,4.810,5.170,164.300,73,5.921,1.376,2.814,1296.800,7.081,3.419,648.940,81.060,20.600,7.810,2.730,1.360,0.420,0.560,0.120,0.000,0.000,5.453,8203,4.947,763.600,1.184,0.733,0.182,0.031,5.921,0,0.000,8203,4.947,1.416,0.763,3.446,0.796,0.212,7.095,5,0.070,18446,9.763,1296.800,1.450,0.916,3.429,2.396,0.379,0.067,7.250,7.250,0,0.000,18446,9.763
83,83,105,Krefeld,DE,Großstadt,DE-NW,222058,137.800,1092.000,5.154,1.031,0.563,2.462,1.400,0.273,0.042,0,0.000,8.030,8,Hohlweg,9.050,12.170,9.050,301.100,78,5.528,0.701,2.650,1771.900,6.855,3.220,939.130,108.920,28.640,9.380,2.930,1.400,1.130,0.350,0.070,0.040,0.000,5.154,10739,3.623,1092.000,1.106,0.704,0.070,0.009,5.528,0,0.000,10739,3.623,1.371,0.707,3.277,0.919,0.256,6.857,1,0.010,22066,6.795,1771.900,1.325,0.844,3.103,1.695,0.304,0.047,6.625,6.625,0,0.000,22066,6.795
84,84,106,Hamm,DE,Großstadt,DE-NW,176048,226.300,1119.900,5.125,1.025,0.610,2.376,1.103,0.186,0.060,0,0.000,4.870,14,Schulstraße,6.910,6.910,7.670,137.300,85,4.818,0.479,2.270,2091.500,7.661,3.700,969.900,113.460,24.210,7.510,2.760,0.820,0.590,0.520,0.110,0.040,0.000,5.125,7104,1.496,1119.900,0.964,0.625,0.038,0.004,4.818,0,0.000,7104,1.496,1.532,0.871,3.565,1.045,0.329,7.688,13,0.250,22665,5.712,2091.500,1.297,0.866,2.986,1.412,0.235,0.047,6.485,6.485,0,0.000,22665,5.712
85,85,107,Moers,DE,Großstadt,DE-NW,105102,67.600,612.000,4.963,0.993,0.585,2.383,1.015,0.192,0.049,0,0.000,5.750,7,Homberger Straße,4.240,4.240,4.710,121.500,77,5.534,0.781,2.685,874.900,6.703,2.810,531.360,61.540,12.920,3.870,1.170,0.620,0.250,0.270,0.030,0.000,0.000,4.963,6216,3.987,612.000,1.107,0.707,0.024,0.000,5.534,0,0.000,6216,3.987,1.341,0.728,3.008,0.981,0.418,6.709,2,0.030,10963,6.982,874.900,1.415,0.871,3.204,2.121,0.583,0.277,7.075,7.079,1,0.010,10963,6.982
